id;pmid;specialty;title;abstract_first_200chars;affiliation;nlp_sample_size;nlp_primary_outcome;nlp_region;sample_size_human;primary_outcome_human;outcome_text_human;country_human;region_human;notes
1;36102582;cardiac_surgery;Ultrasound-Guided Anterior Quadratus Lumborum Block at Lateral Supra-Arcuate Ligament vs Thoracic Epidural Analgesia after Open Liver Surgery: A Randomized, Controlled, Noninferiority Trial.;Thoracic epidural analgesia (TEA) has demonstrated great analgesic benefits in open liver surgery. However, the increased risk of postoperative coagulopathy after open liver surgery has promoted inter;From the Department of Anesthesiology, The Cancer Hospital of the University of Chinese Academy of Sciences (Zhejiang Cancer Hospital), Research Center for Neuro-Oncology Interaction, Institute of Bas;74;TRUE;asia;;;;;;
2;30586136;cardiac_surgery;Accuracy of a 3-Dimensionally Printed Navigational Template for Localizing Small Pulmonary Nodules: A Noninferiority Randomized Clinical Trial.;Localization of small lung nodules are challenging because of the difficulty of nodule recognition during video-assisted thoracoscopic surgery. Using 3-dimensional (3-D) printing technology, a navigat;Department of Advanced Biomedical Sciences, Adult and Pediatric Cardiac Surgery, University of Naples Federico II, Naples, Italy.;200;TRUE;europe;;;;;;
3;26764872;cardiac_surgery;Prevention of Atrial Fibrillation in High-risk Patients Undergoing Lung Cancer Surgery: The PRESAGE Trial.;We performed a prospective, randomized clinical study to assess whether prophylactic treatment with metoprolol or losartan, initiated soon after lung cancer surgery in patients with elevated N-termina;*Cardioncology Unit, European Institute of Oncology, I.R.C.C.S., Milan, Italy†Laboratory Medicine Division, European Institute of Oncology, I.R.C.C.S., Milan, Italy.‡Cardiology Division, European Inst;1116;FALSE;europe;;;;;;
4;40498523;cardiac_surgery;Postoperative 20% Albumin Infusion and Acute Kidney Injury in High-Risk Cardiac Surgery Patients: The ALBICS AKI Randomized Clinical Trial.;"Acute kidney injury (AKI) after cardiac surgery is a common and serious complication. Protein loading appears nephroprotective; thus, continuous hyperoncotic albumin infusion may impact AKI following ";Monash Health School of Clinical Sciences, Clayton, Victoria, Australia.;307;TRUE;oceania;;;;;;
5;27433905;cardiac_surgery;Reversal of Growth Arrest With the Combined Administration of Oxandrolone and Propranolol in Severely Burned Children.;The hypercatabolic response in severely burned pediatric patients is associated with increased production of catecholamines and corticosteroids, decreased formation of testosterone, and reduced streng;*Department of Surgery †Institute for Translational Sciences, University of Texas Medical Branch ‡Shriners Hospital for Children-Galveston, Galveston, TX §Division of Plastic Aesthetic and Reconstruct;;FALSE;north_america;;;;;;
6;31042283;cardiac_surgery;Effect of Vein-First vs Artery-First Surgical Technique on Circulating Tumor Cells and Survival in Patients With Non-Small Cell Lung Cancer: A Randomized Clinical Trial and Registry-Based Propensity S;"It is important to develop a surgical technique to reduce dissemination of tumor cells into the blood during surgery.
To compare the outcomes of different sequences of vessel ligation during surgery o";Department of Thoracic Surgery, West China Hospital, Sichuan University, Chengdu, China.;86;FALSE;asia;;;;;;
7;30193337;cardiac_surgery;Effect of Exercise and Nutrition Prehabilitation on Functional Capacity in Esophagogastric Cancer Surgery: A Randomized Clinical Trial.;Preserving functional capacity is a key element in the care continuum for patients with esophagogastric cancer. Prehabilitation, a preoperative conditioning intervention aiming to optimize physical st;Department of Anesthesia, McGill University Health Centre, Montreal General Hospital, Montreal, Quebec, Canada.;68;TRUE;north_america;;;;;;
8;7952483;cardiac_surgery;Salutary effect of reduced glutathione on renal function in coronary artery bypass operation.;Renal dysfunction and acute renal failure are serious complications of open heart operations. Previous reports have suggested beneficial effects of exogenous glutathione for preservation of renal func;Department of Cardiothoracic Surgery, Tokyo Medical and Dental University, Japan.;10;FALSE;asia;;;;;;
9;33938492;cardiac_surgery;Robotic-assisted Versus Video-assisted Thoracoscopic Lobectomy: Short-term Results of a Randomized Clinical Trial (RVlob Trial).;"To determine whether RAL affects perioperative outcomes and long-term efficacy in NSCLC patients, compared with traditional VAL.
RAL is a promising treatment for NSCLC. However, its efficacy has not b";Department of Thoracic Surgery, Ruijin Hospital, Shanghai Jiaotong University School of Medicine, Shanghai, China.;320;FALSE;asia;;;;;;
10;31415003;cardiac_surgery;Randomized Comparison of Gastric Tube Reconstruction With and Without Duodenal Diversion Plus Roux-en-Y Anastomosis After Esophagectomy.;This prospective randomized phase-II trial examined whether gastric reconstruction with duodenal diversion plus Roux-en-Y anastomosis(RY) minimized gastroduodenal reflux and delayed gastric emptying c;Department of Gastroenterological Surgery, Osaka International Cancer Institute, Osaka, Japan.;60;TRUE;asia;;;;;;
11;6465968;case_series;Renal artery dissection.;Renal artery dissections are stenotic or occlusive lesions most often observed in hypertensive patients with underlying atherosclerosis or fibromuscular disease. Acute dissections may present spontane;;72;FALSE;;;;;;;
12;19801936;case_series;World review of laparoscopic liver resection-2,804 patients.;"To provide a review of the world literature on laparoscopic liver resection.
Initially described for peripheral, benign tumors resected by nonanatomic wedge resections, minimally invasive liver resect";Department of Surgery, UPMC Liver Cancer Center, University of Pittsburgh, Pittsburgh, PA 15213-2582, USA.;2804;FALSE;north_america;;;;;;
13;34793356;case_series;Coronary Artery Stent for Securing High-risk Pancreatico-jejunal Anastomosis After Pancreatoduodenectomy: A Pilot Series.;"To assess the feasibility and clinical utility of coronary artery stent (CAS) in securing pancreatico-jejunal anastomosis (PJ) and avoid stent displacement after pancreatoduodenectomy (PD).
Externaliz";Department of General and Pancreatic Surgery, Verona University Hospital Trust, Verona, Italy.;141;FALSE;europe;;;;;;
14;40737009;case_series;Reoperation for Chronic Postoperative Inguinal Pain.;With a decrease in recurrence since modern hernia repair, chronic postoperative inguinal pain is the most important patient-centered outcome. Surgical intervention is often necessary in cases refracto;Department of Surgery, David Geffen School of Medicine at UCLA, Los Angeles, California.;730;TRUE;europe;;;;;;
15;20980175;case_series;Management of giant hemangioma of the liver: resection versus observation.;Management of patients with giant hemangiomas of the liver encounters persistent controversy. Although recent case series suggest a low complication rate with nonoperative management, the classic para;Division of Gastroenterologic and General Surgery, Mayo Clinic, Rochester, MN 55905, USA. thomas.schnelldorfer@va.gov;492;FALSE;north_america;;;;;;
16;32932327;case_series;Clinical Course of COVID-19 Infection in Patients Urgently Operated of Cardiac Surgical Procedures.;"The aim of this study was to describe the clinical course of a consecutive series of patients operated of urgent cardiac surgery during COVID-19 outbreak.
In Italy, COVID outbreak has mostly occurred ";Cardiac Surgery Division.;10;FALSE;;;;;;;
17;34550312;case_series;Arteriovenous Fistula Maturation, Functional Patency, and Intervention Rates.;"National initiatives have emphasized the use of autogenous arteriovenous fistulas (AVFs) for hemodialysis, but their purported benefits have been questioned.
To examine AVF usability, longer-term func";Renal, Electrolyte and Hypertension Division, University of Pennsylvania Perelman School of Medicine, Philadelphia.;602;TRUE;north_america;;;;;;
18;32221117;case_series;COVID-19 Outbreak and Surgical Practice: Unexpected Fatality in Perioperative Period.;: Little is known about surgical practice in the initial phase of coronavirus disease 2019 (COVID-19) global crisis. This is a retrospective case series of 4 surgical patients (cholecystectomy, hernia;Digestive Disease and Surgery Institute, Cleveland Clinic, Cleveland, OH.;;FALSE;north_america;;;;;;
19;31939750;case_series;En-Bloc Simultaneous Heart-Liver Transplantation in Adult Patients.;Complexity of combined heart-liver transplantation has resulted in low adoption rates. We report a case series of adult patients receiving en-bloc heart-liver transplantation (HLTx), describe technica;Department of Surgery, Division of Liver and Gastrointestinal Transplantation, Miami Transplant Institute, Miami, FL.;40;TRUE;north_america;;;;;;
20;24848283;case_series;Clinicopathologic Presentation and Natural History of Anorectal Melanoma: A Case Series of 18 Patients.;Anorectal melanoma is a rare malignant neoplasm with variable natural history and nonspecific presentation. We describe the clinicopathologic and prognostic parameters of a series of 18 patients (16 [;Department of Surgery, The Johns Hopkins Hospital, Baltimore, Maryland.;18;FALSE;north_america;;;;;;
21;21037437;hepatic_surgery;Effects of pentoxifylline on liver regeneration: a double-blinded, randomized, controlled trial in 101 patients undergoing major liver resection.;"To evaluate the effects of pentoxifylline (PTX) on liver regeneration in patients undergoing major liver resection.
Recent experimental data suggest that PTX, a tumor necrosis factor (TNF) α inhibitor";Swiss HPB (Hepato-Pancreato-Biliary) Center, Departments of Surgery, University Hospital Zurich, Zurich, Switzerland.;51;TRUE;europe;;;;;;
22;31520695;hepatic_surgery;Outcomes of Resectability Assessment of the Dutch Colorectal Cancer Group Liver Metastases Expert Panel.;Decision making on optimal treatment strategy in patients with initially unresectable colorectal cancer liver metastases (CRLM) remains complex because uniform criteria for (un)resectability are lacki;Department of Surgery, Amsterdam UMC, University of Amsterdam, Amsterdam, The Netherlands.;183;FALSE;europe;;;;;;
23;29300708;hepatic_surgery;Medial Open Transversus Abdominis Plane (MOTAP) Catheters Reduce Opioid Requirements and Improve Pain Control Following Open Liver Resection: A Multicenter, Blinded, Randomized Controlled Trial.;Conventional management of pain following open liver resection involves intravenous, patient-controlled analgesia (IV PCA) or epidural analgesia. The objective of this trial was to assess the efficacy;Department of Anaesthesia and Pain Management, University Health Network, University of Toronto, Toronto, Ontario.;153;TRUE;north_america;;;;;;
24;33443905;hepatic_surgery;Effects of Community-based Exercise Prehabilitation for Patients Scheduled for Colorectal Surgery With High Risk for Postoperative Complications: Results of a Randomized Clinical Trial.;"To assess the effects of a 3-week community-based exercise program on 30-day postoperative complications in high-risk patients scheduled for elective colorectal resection for (pre)malignancy.
Patients";Department of Surgery, Medisch Spectrum Twente, PO Box 50000, Enschede, The Netherlands.;57;TRUE;europe;;;;;;
25;25072444;hepatic_surgery;Antiviral therapy improves postoperative survival in patients with hepatocellular carcinoma: a randomized controlled trial.;A randomized controlled trial was conducted to find out whether antiviral therapy in patients with hepatitis B-related hepatocellular carcinoma (HCC) improves long-term survival after hepatic resectio;"*Eastern Hepatobiliary Surgery Hospital, National Innovation Alliance for Hepatitis & Liver Cancer, Shanghai, China; and †Faculty of Medicine, The Chinese University of Hong Kong, Prince of Wales Hosp";100;FALSE;asia;;;;;;
26;17060763;hepatic_surgery;Perioperative synbiotic treatment to prevent postoperative infectious complications in biliary cancer surgery: a randomized controlled trial.;"Use of synbiotics has been reported to benefit human health, but clinical value in surgical patients remains unclear.
To investigate the effect of perioperative oral administration of synbiotics upon ";"Division of Surgical Oncology, Department of Surgery; Nagoya University Graduate School of Medicine, Nagoya, Japan.";101;FALSE;asia;;;;;;
27;19092335;hepatic_surgery;A randomized controlled trial on pharmacological preconditioning in liver surgery using a volatile anesthetic.;"To evaluate the effects of pharmacological preconditioning with a volatile anesthetic in patients undergoing liver resection with inflow occlusion.
In liver surgery, ischemic preconditioning and inter";Swiss HPB (Hepato-Pancreatico-Biliary) Center, University of Zurich, Zurich, Switzerland.;64;TRUE;europe;;;;;;
28;9409569;hepatic_surgery;Prospective evaluation of Pringle maneuver in hepatectomy for liver tumors by a randomized study.;"To evaluate whether vascular inflow occlusion by the Pringle maneuver during hepatectomy can be safe and effective in reducing blood loss.
Hepatectomy can be performed with a low mortality rate, but m";Department of Surgery, The University of Hong Kong, Queen Mary Hospital, Hong Kong.;100;FALSE;asia;;;;;;
29;21107100;hepatic_surgery;A randomized trial comparing radiofrequency ablation and surgical resection for HCC conforming to the Milan criteria.;"To compare the long-term outcomes of surgical resection and radiofrequency ablation for the treatment of small hepatocellular carcinoma (HCC).
Radiofrequency ablation (RFA) is a promising, emerging th";Department of Hepato-Biliary-Pancreatic Surgery, Treatment Centre of Liver Cancer, West China Hospital, Sichuan University, Chengdu, Sichuan, China.;;TRUE;asia;;;;;;
30;23095629;hepatic_surgery;Protection of pharmacological postconditioning in liver surgery: results of a prospective randomized controlled trial.;": To elucidate the possible organ-protective effect of pharmacological postconditioning in patients undergoing liver resection with inflow occlusion.
: Inflow occlusion reduces blood loss during liver";Swiss HPB (Hepato-Pancreato-Biliary) Center, University Hospital Zurich, Zurich, Switzerland.;98;FALSE;europe;;;;;;
31;35081569;meta_analysis;Coronary Revascularization for Patients with Diabetes Mellitus: A Contemporary Systematic Review and Meta-Analysis.;This systematic review and meta-analysis aims to review the contemporary literature comparing CABG and PCI in diabetic patients providing an up-to-date perspective on the differences between the inter;Division of Cardiac Surgery, Department of Surgery, University of Alberta, Edmonton, Alberta, Canada.;;FALSE;north_america;;;;;;
32;34319671;meta_analysis;A Systematic Review and Meta-analysis of Randomized Controlled Trials Comparing Intraoperative Red Blood Cell Transfusion Strategies.;The objective of this work was to carry out a meta-analysis of RCTs comparing intraoperative RBC transfusion strategies to determine their impact on postoperative morbidity, mortality, and blood produ;Department of Surgery, The Ottawa Hospital, University of Ottawa, Ottawa, ON, Canada.;8641;TRUE;north_america;;;;;;
33;37990910;meta_analysis;Systematic Review and Meta-analysis of Laparoscopic Versus Open Radical Nephrectomy for Paediatric Renal Tumors With Focus on Wilms' Tumor.;To summarize and evaluate the outcomes of laparoscopic radical nephrectomy (LRN) and compare its safety and efficacy with open radical nephrectomy (ORN) in pediatric renal tumors (RT) and Wilms' tumor;Department of Pediatric Surgery, Cambridge University Hospitals NHS, Cambridge, UK.;;TRUE;europe;;;;;;
34;33729459;meta_analysis;Assessment of the Frequency of Dual Allergy to Penicillins and Cefazolin: A Systematic Review and Meta-analysis.;Cefazolin is the preoperative antibiotic of choice because it is safer and more efficacious than second-line alternatives. Surgical patients labeled as having penicillin allergy are less likely to pro;Skaggs School of Pharmacy and Pharmaceutical Sciences, Department of Clinical Pharmacy, University of Colorado Anschutz Medical Campus, Aurora.;6147;FALSE;north_america;;;;;;
35;30921053;meta_analysis;Does Sleeve Gastrectomy Expose the Distal Esophagus to Severe Reflux?: A Systematic Review and Meta-analysis.;The aim of this study was to appraise the prevalence of gastroesophageal reflux disease (GERD), esophagitis, and Barrett's esophagus (BE) after sleeve gastrectomy (SG) through a systematic review and ;Department of Surgery and Cancer, Imperial College London, London, United Kingdom.;10718;TRUE;europe;;;;;;
36;26501714;meta_analysis;Antireflux Surgery and Risk of Esophageal Adenocarcinoma: A Systematic Review and Meta-analysis.;To investigate the preventive effect of antireflux surgery against esophageal adenocarcinoma (EAC) compared with medical treatment of gastroesophageal reflux disease (GERD) and to the background popul;*Upper Gastrointestinal Surgery, Department of Molecular Medicine and Surgery, Karolinska Institutet, Stockholm, Sweden †Section of Gastrointestinal Cancer, Division of Cancer Studies, King's College ;;FALSE;europe;;;;;;
37;29282463;meta_analysis;Prevalence of Work-Related Musculoskeletal Disorders Among Surgeons and Interventionalists: A Systematic Review and Meta-analysis.;"Physicians in procedural specialties are at high risk for work-related musculoskeletal disorders (MSDs). This has been called ""an impending epidemic"" in the context of the looming workforce shortage; ";Division of Plastic Surgery and Reconstructive Surgery, Department of Surgery, Beth Israel Deaconess Medical Center, Harvard Medical School, Boston, Massachusetts.;;FALSE;north_america;;;;;;
38;27537534;meta_analysis;The Effect of Technical Performance on Patient Outcomes in Surgery: A Systematic Review.;"Systematic review of the effect of intraoperative technical performance on patient outcomes.
The operating room is a high-stakes, high-risk environment. As a result, the quality of surgical interventi";Department of Surgery, University of Toronto, Toronto, Ontario, Canada.;;FALSE;north_america;;;;;;
39;37753655;meta_analysis;An Updated Systematic Review and Meta-analysis of the Impact of Graduated Compression Stockings in Addition to Pharmacological Thromboprophylaxis for Prevention of Venous Thromboembolism in Surgical I;To compare the rate of venous thromboembolism (VTE) in surgical inpatients with pharmacological thromboprophylaxis and additional graduated compression stockings (GCSs) versus pharmacological thrombop;Department of Surgery and Cancer, Section of Vascular Surgery, Imperial College London, London, UK.;2653;FALSE;europe;;;;;;
40;26583656;meta_analysis;Effects of Art on Surgical Patients: A Systematic Review and Meta-analysis.;The aim of the study was to assess the effect of art including ambient features such as music, interior design including visual art, and architectural features on health outcomes in surgical patients.;*Department of Surgery, University Hospital and University of Zurich, Zurich, Switzerland †Institute for Complementary and Integrative Medicine, University Hospital and University of Zurich, Zurich, S;47;FALSE;europe;;;;;;
41;37317857;neurosurgery;A Randomized Controlled Trial to Assess the Impact of Enhanced Recovery After Surgery on Patients Undergoing Elective Spine Surgery.;"To conduct a prospective, randomized controlled trial (RCT) of an enhanced recovery after surgery (ERAS) protocol in an elective spine surgery population.
Surgical outcomes such as length of stay (LOS";Department of Neurosurgery, Perelman School of Medicine, University of Pennsylvania, Philadelphia, PA.;142;TRUE;north_america;;;;;;
42;40498501;neurosurgery;Peer and Patient Feedback to Increase Adherence to Postoperative Opioid Prescribing Guidelines: A Stepped-Wedge Cluster Randomized Clinical Trial.;Prescribing more opioids than patients need following surgery is associated with long-term use, misuse, and diversion. Interventions are needed to increase adherence to procedure-specific guidelines w;Department of Emergency Medicine, University of Pennsylvania, Philadelphia.;53;TRUE;north_america;;;;;;
43;19092349;neurosurgery;Methylprednisolone therapy in deceased donors reduces inflammation in the donor liver and improves outcome after liver transplantation: a prospective randomized controlled trial.;"To investigate potential beneficial effects of donor treatment with methylprednisolone on organ function and outcome after liver transplantation.
It is proven experimentally and clinically that the br";Institute of Medical Immunology, Charité, Universitätsmedizin Berlin, Berlin, Germany.;50;FALSE;europe;;;;;;
44;27906757;neurosurgery;Effect of an Immersive Preoperative Virtual Reality Experience on Patient Reported Outcomes: A Randomized Controlled Trial.;"To investigate the effect of exposure to a virtual reality (VR) environment preoperatively on patient-reported outcomes for surgical operations.
There is a scarcity of well-developed quality improveme";*Department of Neurosurgery, Thomas Jefferson University Hospital, Philadelphia, PA †The Dartmouth Institute for Health Policy and Clinical Practice, Lebanon, NH ‡Section of Neurosurgery, Dartmouth-Hi;127;TRUE;north_america;;;;;;
45;4850208;neurosurgery;A followup report of a prospective evaluation of vagotomy-pyloroplasty and vagotomy-antrectomy for treatment of duodenal ulcer.;A prospective randomized study of 200 consecutive patients who required elective operation for treatment of duodenal ulcer was conducted. Truncal vagotomy and drainage (V-D) was done in 108 patients w;;108;FALSE;;;;;;;
46;40421798;neurosurgery;Repeat Versus Single Quadratus Lumborum Block to Reduce Opioids After Open Pancreatectomy (RESQU-BLOCK): A Randomized Clinical Trial.;"The primary aim was to compare the proportion of opioid-free discharges between 2 postoperative analgesia bundles distinguished by receipt of a single-block versus a second, ""rescue"" block. Secondary ";Department of Surgical Oncology, Division of Surgery, The University of Texas MD Anderson, Cancer Center, Houston, TX.;106;FALSE;north_america;;;;;;
47;7114938;neurosurgery;Immediate definitive surgery for perforated duodenal ulcers: a prospective controlled trial.;A prospective, randomized, double-blind trial was conducted in 101 patients to evaluate the safety and benefits of immediate definitive surgery for perforated duodenal ulcers. These patients, who were;;101;FALSE;;;;;;;
48;26764872;neurosurgery;Prevention of Atrial Fibrillation in High-risk Patients Undergoing Lung Cancer Surgery: The PRESAGE Trial.;We performed a prospective, randomized clinical study to assess whether prophylactic treatment with metoprolol or losartan, initiated soon after lung cancer surgery in patients with elevated N-termina;*Cardioncology Unit, European Institute of Oncology, I.R.C.C.S., Milan, Italy†Laboratory Medicine Division, European Institute of Oncology, I.R.C.C.S., Milan, Italy.‡Cardiology Division, European Inst;1116;FALSE;europe;;;;;;
49;31376435;neurosurgery;Prospective, Randomized, Phase II, Non-Inferiority Study to Evaluate the Safety and Efficacy of Topical Thrombin (Human) Grifols as Adjunct to Hemostasis During Vascular, Hepatic, Soft Tissue, and Spi;"Thrombin-based formulations have been used for topical hemostasis in surgery for decades. However, the number of randomized clinical trials comparing bovine vs human thrombin is limited.
A randomized,";Grifols Bioscience Research Group, Grifols, Barcelona, Spain.;137;TRUE;europe;;;;;;
50;28610880;neurosurgery;Comparison of Analgesic Efficacy of Laparoscope-Assisted and Ultrasound-Guided Transversus Abdominis Plane Block after Laparoscopic Colorectal Operation: A Randomized, Single-Blind, Non-Inferiority Tr;Transversus abdominis plane (TAP) block has been used as a component of multimodal analgesia after abdominal operation. We introduced a new laparoscope-assisted TAP (LTAP) block technique using intrap;Colorectal Cancer Center, Kyungpook National University Medical Center, School of Medicine, Kyungpook National University, Daegu, Korea Department of Anesthesiology and Pain Medicine, Kyungpook Nation;35;TRUE;asia;;;;;;
51;8092901;nursing;Optimal therapy for stress gastritis.;"The authors compared the results of sucralfate versus H2 blocker +/- antacid as prophylaxis for stress ulceration in an intensive care unit patient population.
Stress ulceration carries high morbidity";Department of Surgery, Harborview Medical Center, University of Washington, Seattle.;5;FALSE;north_america;;;;;;
52;26132586;nursing;Three-Year Outcomes of Bariatric Surgery vs Lifestyle Intervention for Type 2 Diabetes Mellitus Treatment: A Randomized Clinical Trial.;"Questions remain about the role and durability of bariatric surgery for type 2 diabetes mellitus (T2DM).
To compare the remission of T2DM following surgical and nonsurgical treatments.
In this 3-arm r";Physical Activity and Weight Management Research Center, Department of Health and Physical Activity, University of Pittsburgh, Pittsburgh, Pennsylvania.;26;TRUE;north_america;;;;;;
53;25667135;nursing;A prospective, randomized, double-blind, placebo controlled trial on the efficacy of ethanol celiac plexus neurolysis in patients with operable pancreatic and periampullary adenocarcinoma.;Ethanol celiac plexus neurolysis (ECPN) has been shown to be effective in reducing cancer-related pain in patients with locally advanced pancreatic and periampullary adenocarcinoma (PPA). This study e;Department of Surgery, Thomas Jefferson University, Jefferson Pancreas Biliary and Related Cancer Center, Philadelphia, PA.;485;TRUE;north_america;;;;;;
54;20505508;nursing;A prospective, randomized, single-blind comparison of laparoscopic versus open sigmoid colectomy for diverticulitis.;"The aim of this study was to compare open and laparoscopic sigmoid resection for diverticulitis with the patient and the nursing staff blinded to the surgical approach.
A total of 113 patients schedul";Departments of Surgery, Geneva University Hospital and Medical School, Geneva, Switzerland. pascal.gervaz@hcuge.ch;113;TRUE;europe;;;;;;
55;27626242;nursing;Standard vs Distal Roux-en-Y Gastric Bypass in Patients With Body Mass Index 50 to 60: A Double-blind, Randomized Clinical Trial.;Up to one-third of patients undergoing bariatric surgery have a body mass index (BMI) of more than 50. Following standard gastric bypass, many of these patients still have a BMI greater than 40 after ;Department of Endocrinology, Morbid Obesity, and Preventive Medicine, Oslo University Hospital, Oslo, Norway4Department of Gastrointestinal Surgery, Oslo University Hospital, Oslo, Norway.;113;TRUE;europe;;;;;;
56;23728281;nursing;Within-team debriefing versus instructor-led debriefing for simulation-based education: a randomized controlled trial.;"To compare the effectiveness of an interprofessional within-team debriefing with that of an instructor-led debriefing on team performance during a simulated crisis.
Although instructor-led simulation ";The University of Ottawa Skills and Simulation Centre & Department of Anesthesiology of The Ottawa Hospital, Ottawa, Ontario, Canada. sboet@toh.on.ca;120;FALSE;north_america;;;;;;
57;24899268;nursing;Surgical vs medical treatments for type 2 diabetes mellitus: a randomized clinical trial.;"Many questions remain unanswered about the role of bariatric surgery for people with type 2 diabetes mellitus (T2DM).
To determine feasibility of a randomized clinical trial (RCT) and compare initial ";Department of Health and Physical Activity, University of Pittsburgh, Pittsburgh, Pennsylvania.;69;TRUE;north_america;;;;;;
58;25569028;nursing;High-dose barium impaction therapy for the recurrence of colonic diverticular bleeding: a randomized controlled trial.;"We compared the clinical efficacy of barium therapy and conservative therapy in preventing recurrence in patients with diverticular bleeding.
Previous case reports have indicated that barium impaction";*Department of Gastroenterology and Hepatology †Clinical Research and Informatics, International Clinical Research Center Research Institute ‡Department of Radiology §Department of Nursing, National C;54;FALSE;asia;;;;;;
59;32675537;nursing;Are Postoperative Intravenous Antibiotics Indicated After Laparoscopic Appendicectomy for Simple Appendicitis? A Prospective Double-blinded Randomized Controlled Trial.;There is limited evidence for the use of postoperative antibiotics for simple appendicitis (SA) in children. Our aim was to conduct a prospective double-blinded randomized controlled trial to investig;Department of Pediatric Surgery, Urology & Surgical Simulation, Monash Children's Hospital, Melbourne, Australia.;304;TRUE;oceania;;;;;;
60;19440955;nursing;Nurse-administered propofol-alfentanil sedation using a patient-controlled analgesia pump compared with opioid-benzodiazepine sedation for outpatient colonoscopy.;Nurse-administered propofol sedation (NAPS) and patient-controlled sedation using patient-controlled analgesia (PCA) pumps are gaining increasing popularity for gastrointestinal endoscopy. We compared;Department of Surgery, North District Hospital, Chinese University of Hong Kong, Hong Kong.;88;FALSE;asia;;;;;;
61;37459169;observational;Myocardial Injury After Noncardiac Surgery in Major General Surgical Patients a Prospective Observational Cohort Study.;The objective of this study was to determine the prognostic relevance, clinical characteristics, and 30-day outcomes associated with myocardial injury after noncardiac surgery (MINS) in major general ;Department of Medicine, Division of Cardiology, McMaster University, Hamilton, ON, Canada.;45;FALSE;north_america;;;;;;
62;29710278;observational;Association of Expectations of Training With Attrition in General Surgery Residents.;"Attrition from general surgery training is highest during internship. Whether the expectations and attitudes of new trainees affect their subsequent risk of attrition is unknown.
To identify the expec";Department of Surgery, New York-Presbyterian Hospital, Weill Cornell Medicine, New York, New York.;;FALSE;north_america;;;;;;
63;40525293;observational;Intent Versus Execution: Failure to Achieve Balanced Resuscitation in Bleeding Trauma Patients.;"To evaluate the adherence to balanced resuscitation in the first 4 hours, and how whole blood (WB) affected the achievement of these ratios.
In 2014, TQIP Best Practices recommended balanced resuscita";Department of Surgery at The McGovern Medical School at the University of Texas Health Science Center, Houston, TX.;1047;TRUE;north_america;;;;;;
64;40305034;observational;Postoperative Outcomes Among Sodium-Glucose Cotransporter 2 Inhibitor Users.;Case reports and small retrospective studies have suggested that there is an increased risk of postoperative euglycemic ketoacidosis (eKA) and acute kidney injury (AKI) among patients using sodium-glu;Department of Anesthesia and Perioperative Care, University of California, San Francisco.;7439;TRUE;north_america;;;;;;
65;24722222;observational;Benchmarking outcomes in the critically injured burn patient.;"To determine and compare outcomes with accepted benchmarks in burn care at 6 academic burn centers.
Since the 1960s, US morbidity and mortality rates have declined tremendously for burn patients, like";*Department of Surgery, University of Washington School of Medicine and Harborview Medical Center, Seattle, WA †Department of Surgery, Harvard Medical School and Massachusetts General Hospital, Boston;;FALSE;africa;;;;;;
66;29557884;observational;Association Between Hospital Staffing Models and Failure to Rescue.;"To identify hospital staffing models associated with failure to rescue (FTR) rates at low- and high-performing hospitals.
FTR is an important quality measure in surgical safety and is a metric that ho";Department of Surgery, University of Michigan, Ann Arbor, MI.;44567;FALSE;north_america;;;;;;
67;34935859;observational;Association of Total Thyroidectomy or Thyroid Lobectomy With the Quality of Life in Patients With Differentiated Thyroid Cancer With Low to Intermediate Risk of Recurrence.;Owing to the good prognosis of differentiated thyroid cancer (DTC), guidelines recommend total thyroidectomy (TT) or thyroid lobectomy (TL) as surgical treatment for DTC with low to intermediate risk ;Department of Breast and Thyroid Surgery, First Affiliated Hospital, Sun Yat-sen University, Guangzhou, China.;1060;TRUE;asia;;;;;;
68;37326320;observational;5-Year Collis-Nissen Gastroplasty Outcomes for Type III-IV Hiatal Hernia with Short Esophagus: A Prospective Observational Study.;"To assess the 5-year outcomes of patients undergoing Collis-Nissen gastroplasty for type III-IV hiatal hernia with short esophagus.
From a prospective observational cohort of patients who underwent an";From the Section of Upper Gastrointestinal Surgery, Department of Surgery, Hospital del Mar Medical Research Institute Universitat Autònoma de Barcelona (Montcusí, Jaume-Bottcher, Álvarez, Ramón, Gran;114;FALSE;europe;;;;;;
69;36633328;observational;Acute Care Surgery and Surgical Rescue: Expanding the Definition.;Surgical rescue (SR) is the recovery of patients with surgical complications. Patients transferred (TP) for surgical diagnoses to higher-level care or inpatients (IP) admitted to nonsurgical services ;Baylor College of Medicine, Houston, TX (Zielinski).;24;TRUE;north_america;;;;;;
70;31411663;observational;Association of Discretionary Hospital Volume Standards for High-risk Cancer Surgery With Patient Outcomes and Access, 2005-2016.;Various clinical societies and patient advocacy organizations continue to encourage minimum volume standards at hospitals that perform certain high-risk operations. Although many clinicians and qualit;Department of Surgery, University of Michigan, Ann Arbor.;;FALSE;north_america;;;;;;
71;29879520;orthopedics;Defining Dogma: Quantifying Crystalloid Hemodilution in a Prospective Randomized Control Trial with Blood Donation as a Model for Hemorrhage.;The concept of hemodilution after blood loss and crystalloid infusion is a surgical maxim that remains unproven in humans. We sought to quantify the effect of hemodilution after crystalloid administra;Department of Surgery, Division of Acute Care Surgery, Carolinas Medical Center, Charlotte, NC. Electronic address: Ron.Sing@Carolinashealthcare.org.;165;FALSE;;;;;;;
72;39356537;orthopedics;Tranexamic Acid During Radical Cystectomy: A Randomized Clinical Trial.;Among cancer surgeries, patients requiring open radical cystectomy have the highest risk of red blood cell (RBC) transfusion. Prophylactic tranexamic acid (TXA) reduces blood loss during cardiac and o;Ottawa Hospital Research Institute, Ottawa, Ontario, Canada.;173;TRUE;north_america;;;;;;
73;27433905;orthopedics;Reversal of Growth Arrest With the Combined Administration of Oxandrolone and Propranolol in Severely Burned Children.;The hypercatabolic response in severely burned pediatric patients is associated with increased production of catecholamines and corticosteroids, decreased formation of testosterone, and reduced streng;*Department of Surgery †Institute for Translational Sciences, University of Texas Medical Branch ‡Shriners Hospital for Children-Galveston, Galveston, TX §Division of Plastic Aesthetic and Reconstruct;;FALSE;north_america;;;;;;
74;40498501;orthopedics;Peer and Patient Feedback to Increase Adherence to Postoperative Opioid Prescribing Guidelines: A Stepped-Wedge Cluster Randomized Clinical Trial.;Prescribing more opioids than patients need following surgery is associated with long-term use, misuse, and diversion. Interventions are needed to increase adherence to procedure-specific guidelines w;Department of Emergency Medicine, University of Pennsylvania, Philadelphia.;53;TRUE;north_america;;;;;;
75;24824415;orthopedics;Effect of the World Health Organization checklist on patient outcomes: a stepped wedge cluster randomized controlled trial.;"We hypothesized reduction of 30 days' in-hospital morbidity, mortality, and length of stay postimplementation of the World Health Organization's Surgical Safety Checklist (SSC).
Reductions of morbidit";*Department of Anesthesia and Intensive Care, Haukeland University Hospital, Bergen, Norway †Department of Clinical Science, Faculty of Medicine and Dentistry, University of Bergen, Bergen, Norway ‡De;;FALSE;europe;;;;;;
76;27893033;orthopedics;Effect of a Decision Aid on Access to Total Knee Replacement for Black Patients With Osteoarthritis of the Knee: A Randomized Clinical Trial.;Black patients with advanced osteoarthritis (OA) of the knee are significantly less likely than white patients to undergo surgery. No strategies have been proved to improve access to surgery for black;Center for Health Equity Research and Promotion, Philadelphia Veterans Affairs Medical Center, Philadelphia, Pennsylvania.;336;FALSE;north_america;;;;;;
77;24374549;orthopedics;Preoperative enoxaparin versus postoperative semuloparin thromboprophylaxis in major abdominal surgery: a randomized controlled trial.;"To compare efficacy and safety of thromboprophylaxis with semuloparin started postoperatively versus enoxaparin started preoperatively in major abdominal surgery.
Venous thromboembolism is an importan";*Thrombosis Research Institute and University College London, London, UK †Stroke Unit and Division of Cardiovascular Medicine, Department of Internal Medicine, University of Perugia, Perugia, Italy ‡D;4413;TRUE;north_america;;;;;;
78;31176028;orthopedics;Cluster-Randomized Trial of Opiate-Sparing Analgesia after Discharge from Elective Hip Surgery.;Surgeons have traditionally relied on opiates after hip replacement, despite a growing epidemic of abuse. This study assessed the efficacy of multimodal analgesia and impact of conservative opiate pre;Department of Orthopaedics, Brigham and Women's Hospital, Harvard Medical School, Boston, MA.;235;TRUE;africa;;;;;;
79;35623048;orthopedics;Moderate to Severe Soft Tissue Diabetic Foot Infections: A Randomized, Controlled, Pilot Trial of Post-debridement Antibiotic Treatment for 10 versus 20 days.;"The optimal duration of antibiotic therapy for soft-tissue infections of the diabetic foot remains unknown.
We determine if antibiotic therapy after debridement for a short (10 days), compared with a ";Service of Infectious Diseases, Geneva, Switzerland.;5;TRUE;europe;;;;;;
80;30090923;orthopedics;Effect of Depth of Sedation in Older Patients Undergoing Hip Fracture Repair on Postoperative Delirium: The STRIDE Randomized Clinical Trial.;"Postoperative delirium is the most common complication following major surgery in older patients. Intraoperative sedation levels are a possible modifiable risk factor for postoperative delirium.
To de";Departments of Medicine (General Internal Medicine), Biostatistics, and Epidemiology, and Welch Center for Prevention, Epidemiology, and Clinical Research, The Johns Hopkins University, Baltimore, Mar;100;FALSE;north_america;;;;;;
81;15798461;pediatric_surgery;Glutamine supplementation of parenteral nutrition does not improve intestinal permeability, nitrogen balance, or outcome in newborns and infants undergoing digestive-tract surgery: results from a doub;"To assess the effect of isocaloric isonitrogenous parenteral glutamine supplementation on intestinal permeability and nitrogen loss in newborns and infants after major digestive-tract surgery.
Glutami";Department of Pediatric Surgery, Sophia Children's Hospital/Erasmus Medical Center, Rotterdam, The Netherlands. m.albers@bkk.azg.nl;39;TRUE;europe;;;;;;
82;23478546;pediatric_surgery;A prospective randomized trial of ultrasound- vs landmark-guided central venous access in the pediatric population.;The purpose of this prospective randomized study was to compare landmark- to ultrasound-guided central venous access when performed by pediatric surgeons. The American College of Surgeons advocates fo;Department of Surgery, Lucile Packard Children's Hospital - Stanford University Medical Center, Palo Alto, CA 94305, USA.;150;TRUE;north_america;;;;;;
83;206214;pediatric_surgery;The surgical treatment of Wilms' tumor: results of the National Wilms' Tumor Study.;Surgical data derived from the 606 patients in the National Wilms' Tumor Study have been analyzed to determine the effect of surgical technique on results of treatment. In addition to surgical excisio;;606;FALSE;;;;;;;
84;23604057;pediatric_surgery;Hypercapnia and acidosis during open and thoracoscopic repair of congenital diaphragmatic hernia and esophageal atresia: results of a pilot randomized controlled trial.;"We aimed to evaluate the effect of thoracoscopy in neonates on intraoperative arterial blood gases, compared with open surgery.
Congenital diaphragmatic hernia (CDH) and esophageal atresia with trache";*UCL Institute of Child Health and Great Ormond Street Hospital for Children, London, United Kingdom †Great Ormond Street Hospital for Children, London, United Kingdom ‡UCL Institute of Child Health, ;;FALSE;europe;;;;;;
85;18580206;pediatric_surgery;Peritoneal drainage or laparotomy for neonatal bowel perforation? A randomized controlled trial.;"To determine whether primary peritoneal drainage improves survival and outcome of extremely low birth weight (ELBW) infants with intestinal perforation.
Optimal surgical management of ELBW infants wit";Department of Paediatric Surgery, Institute of Child Health and Great Ormond Street Hospital for Children NHS Trust, London, United Kingdom.;69;FALSE;europe;;;;;;
86;26692079;pediatric_surgery;Conventional Mechanical Ventilation Versus High-frequency Oscillatory Ventilation for Congenital Diaphragmatic Hernia: A Randomized Clinical Trial (The VICI-trial).;"To determine the optimal initial ventilation mode in congenital diaphragmatic hernia.
Congenital diaphragmatic hernia is a life-threatening anomaly with significant mortality and morbidity. The maldev";*Intensive Care and Department of Pediatric Surgery, Erasmus Medical Centre-Sophia Children's Hospital, Rotterdam, The Netherlands †Department of Medical and Surgical Neonatology, Bambino Gesù Hospita;43;FALSE;europe;;;;;;
87;16998362;pediatric_surgery;The effect of insulin infusion upon protein metabolism in neonates on extracorporeal life support.;Critically ill neonates on extracorporeal life support (ECLS) demonstrate elevated rates of protein breakdown that, in turn, are associated with increased morbidity and mortality. This study sought to;Department of Medicine, Children's Hospital Boston, Harvard Medical School, Boston, MA, USA.;;FALSE;north_america;;;;;;
88;24655871;pediatric_surgery;Impact of stress-induced diabetes on outcomes in severely burned children.;Post-burn hyperglycemia leads to graft failure, multiple organ failure, and death. A hyperinsulinemic-euglycemic clamp is used to keep serum glucose between 60 and 110 mg/dL. Because of frequent hypog;"Shriners Hospitals for Children-Galveston, University of Texas Medical Branch, Galveston, TX; Department of Surgery, University of Texas Medical Branch, Galveston, TX.";243;FALSE;;;;;;;
89;34506326;pediatric_surgery;Initial Laparotomy Versus Peritoneal Drainage in Extremely Low Birthweight Infants With Surgical Necrotizing Enterocolitis or Isolated Intestinal Perforation: A Multicenter Randomized Clinical Trial.;The aim of this study was to determine which initial surgical treatment results in the lowest rate of death or neurodevelopmental impairment (NDI) in premature infants with necrotizing enterocolitis (;Eunice Kennedy Shriver National Institute of Child Health and Human Development, National Institutes of Health, Bethesda, MD.;;TRUE;europe;;;;;;
90;28279777;pediatric_surgery;Sutureless vs Sutured Gastroschisis Closure: A Prospective Randomized Controlled Trial.;Sutureless gastroschisis repair involves covering the abdominal wall defect with the umbilical cord or a synthetic dressing to allow closure by secondary intention. No randomized studies have describe;Division of Pediatric Surgery, Lucile Packard Children's Hospital, Stanford University, Stanford, CA. Electronic address: sdutta@mac.com.;39;TRUE;north_america;;;;;;
91;38691353;surgical_oncology;Laparoscopic Spleen-Preserving Hilar Lymphadenectomy for Advanced Proximal Gastric Cancer Without Greater Curvature Invasion: Five-Year Outcomes From the Fuges-02 Randomized Clinical Trial.;Splenic hilar lymphadenectomy has been recommended for locally advanced proximal gastric cancer (APGC) involving the greater curvature. However, it is unclear whether laparoscopic spleen-preserving sp;Department of Gastric Surgery, Fujian Medical University Union Hospital, Fuzhou, China.;526;FALSE;asia;;;;;;
92;40768205;surgical_oncology;Artificial Intelligence-Augmented Human Instruction and Surgical Simulation Performance: A Randomized Clinical Trial.;"How the Intelligent Continuous Expertise Monitoring System, an artificial intelligence tutoring system, might be best optimized for surgical training is unknown.
To determine the effects of artificial";Neurosurgical Simulation and Artificial Intelligence Learning Centre, Department of Neurology and Neurosurgery, Montreal Neurological Institute and Hospital, McGill University, Montreal, Quebec, Canad;28;TRUE;north_america;;;;;;
93;31913413;surgical_oncology;Breast Conservation After Neoadjuvant Chemotherapy for Triple-Negative Breast Cancer: Surgical Results From the BrighTNess Randomized Clinical Trial.;"Neoadjuvant systemic therapy (NST) is often administered to enable breast-conserving therapy (BCT) in stages II to III breast cancer.
To prospectively evaluate the role of NST in conversion from BCT i";Department of Breast Surgery, Helios Klinikum Berlin-Buch, Berlin, Germany.;604;FALSE;europe;;;;;;
94;38568599;surgical_oncology;Adjuvant Transarterial Chemoembolization With Sorafenib for Portal Vein Tumor Thrombus: A Randomized Clinical Trial.;"Certain patients with hepatocellular carcinoma with portal vein tumor thrombus could benefit from surgical resection, and postoperative adjuvant therapy may lower the incidence of tumor recurrence.
To";Center of Hepato-Pancreato-Biliary Surgery, The First Affiliated Hospital of Sun Yat-Sen University, Guangzhou, China.;158;TRUE;asia;;;;;;
95;35544130;surgical_oncology;Clinical Impact of Intraoperative Margin Assessment in Breast-Conserving Surgery With a Novel Pegulicianine Fluorescence-Guided System: A Nonrandomized Controlled Trial.;Positive margins following breast-conserving surgery (BCS) are often identified on standard pathology evaluation. Intraoperative assessment of the lumpectomy cavity has the potential to reduce residua;Massachusetts General Hospital, Boston.;32;FALSE;north_america;;;;;;
96;36106868;surgical_oncology;Five-Year Prognosis of Complete Mesocolic Excision in Patients with Colon Cancer: A Prospective, Nonrandomized, Double-Blind Controlled Trial.;Previous studies on how complete mesocolic excision (CME) affects prognosis indicate fundamental limitations that prevent the procedure from being completely accepted in practice. This study evaluated;From the Department of Gastrointestinal Surgery (C Wang, Gao, Shen, Jiang, Zhou, S Wang, Ye), Peking University People's Hospital, Beijing, China.;261;TRUE;asia;;;;;;
97;36661037;surgical_oncology;Locoregional Failure During and After Short-course Radiotherapy Followed by Chemotherapy and Surgery Compared With Long-course Chemoradiotherapy and Surgery: A 5-Year Follow-up of the RAPIDO Trial.;"To analyze risk and patterns of locoregional failure (LRF) in patients of the RAPIDO trial at 5 years.
Multimodality treatment improves local control in rectal cancer. Total neoadjuvant treatment (TNT";Department of Surgery, University Medical Center Groningen, University of Groningen, Groningen, The Netherlands.;920;FALSE;europe;;;;;;
98;33887486;surgical_oncology;Surgeon vs Pathologist for Prediction of Pancreatic Fistula: Results from the Randomized Multicenter RECOPANC Study.;Surgically assessed pancreatic texture has been identified as the strongest predictor of postoperative pancreatic fistula. However, texture is a subjective parameter with no proven reliability or vali;Department of Surgery, University Medical Center Schleswig-Holstein, Campus Luebeck, Luebeck, Germany. Electronic address: kim.honselmann@uksh.de.;261;FALSE;europe;;;;;;
99;34613330;surgical_oncology;Transanal Drainage Tube Use for Preventing Anastomotic Leakage After Laparoscopic Low Anterior Resection in Patients With Rectal Cancer: A Randomized Clinical Trial.;Preventing anastomotic leakage (AL) is crucial for colorectal surgery. Some studies have suggested a positive role of transanal drainage tubes (TDTs) in AL prevention after low anterior resection, but;Gastric and Colorectal Surgery Division, Department of General Surgery, Army Medical Center (Daping Hospital), Army Medical University, Chongqing, China.;576;TRUE;asia;;;;;;
100;19638927;surgical_oncology;The vessel sealing system (LigaSure) in hepatic resection: a randomized controlled trial.;"The aim of this trial was to verify the new surgical device (the LigaSure vessels sealing system) decrease liver transection time.
Among the major goals in hepatic resection are minimization of the op";Division of Hepato-Biliary-Pancreatic Surgery, Department of Surgery, Graduate School of Medicine, University of Tokyo, Tokyo, Japan.;165;TRUE;asia;;;;;;
